[{"name":"Республика Марий Эл","main_city":"Йошкар-Ола","cities":["Козьмодемьянск","Волжск","Звенигово"]},{"name":"Архангельская область","main_city":"Архангельск","cities":["Северодвинск","Мирный","Каргополь","Коряжма","Вельск","Мезень","Плесецк","Октябрьский","Березник","Сольвычегодск","Няндома","Новодвинск","Котлас","Красноборск","Онега","Шенкурск"]},{"name":"Астраханская область","main_city":"Астрахань","cities":["Нариманов","Камызяк","Ахтубинск","Знаменск","Харабали"]},{"name":"Республика Алтай","main_city":"Горно-Алтайск","cities":[]},{"name":"Иркутская область","main_city":"Иркутск","cities":["Братск","Саянск","Вихоревка","Алзамай","Тайшет","Бирюсинск","Усть-Кут","Усть-Илимск","Усолье-Сибирское","Байкальск","Черемхово","Слюдянка","Свирск","Бодайбо","Зима","Нижнеудинск","Тулун","Киренск","Железногорск-Илимский","Шелехов","Ангарск"]},{"name":"Республика Хакасия","main_city":"Абакан","cities":["Саяногорск","Сорск","Черногорск","Абаза"]},{"name":"Свердловская область","main_city":"Екатеринбург","cities":["Березовский","Каменск-Уральский","Верхняя Пышма","Нижний Тагил","Ревда","Реж","Первоуральск","Талица","Тавда","Заречный","Николо-Павловское","Верхняя Салда","Верхний Тагил","Алапаевск","Шаля","Малышева","Нижняя Салда","Карпинск","Мартюш","Среднеуральск","Артемовский","Арти","Зайково","Качканар","Камышлов","Калья","Краснотурьинск","Михайловск","Верхотурье","Монетный","Сосьва","Большой Исток","Верхнее Дуброво","Ирбит","Еланский","Исток","Баранчинский","Байкалово","Сысерть","Сухой Лог","Волчанск","Нижние Серги","Верхняя Синячиха","Свободный","Серов","Верхние Серги","Североуральск","Невьянск","Туринская Слобода","Горный Щит","Полевской","Привокзальный","Лесной","Нижняя Тура","Новоуральск","Туринск","Верх-Нейвинский","Тугулым","Верхняя Тура","Новая Ляля","Троицкий","Новоуткинск","Красноуральск","Кировград","Рефтинский","Красноуфимск","Красногвардейский","Кушва","Рудничный","Цементный","Дегтярск","Двуреченск","Восточный","Богданович","Билимбай","Ивдель","Бобровский","Буланаш","Белоярский","Асбест","Черемухово","Арамиль"]},{"name":"Кемеровская область","main_city":"Кемерово","cities":["Белово","Юрга","Осинники","Ленинск-Кузнецкий","Новокузнецк","Прокопьевск","Калтан","Таштагол","Тайга","Мариинск","Верх-Чебула","Салаир","Малиновка","Тайжина","Крапивинский","Мыски","Междуреченск","Металлплощадка","Березовский","Мундыбаш","Бачатский","Киселевск","Полысаево","Плотниково","Промышленная","Гурьевск","Зеленогорский","Тяжинский","Трудармейский","Новый Городок","Топки","Тисуль","Яшкино","Яя","Краснобродский","Инской","Ижморский","Грамотеино","Шерегеш","Чистогорский","Анжеро-Судженск"]},{"name":"Республика Татарстан","main_city":"Казань","cities":["Набережные Челны","Лаишево","Мамадыш","Нижняя Мактама","Арск","Сарманово","Чистополь","Заинск","Азнакаево","Нижние Вязовые","Менделеевск","Мензелинск","Бугульма","Елабуга","Васильево","Бавлы","Болгар","Тетюши","Рыбная Слобода","Пестрецы","Зеленодольск","Нижнекамск","Нурлат","Лениногорск","Алексеевское","Осиново","Актюбинский","Высокая Гора","Буинск","Агрыз","Альметьевск"]},{"name":"Республика Саха /Якутия/","main_city":"Якутск","cities":["Мирный","Вилюйск","Удачный","Покровск","Среднеколымск","Нерюнгри","Нюрба","Томмот","Ленск","Олекминск","Верхоянск","Алдан"]},{"name":"Алтайский край","main_city":"Барнаул","cities":["Бийск","Рубцовск","Заринск","Камень-на-Оби","Славгород","Алейск","Белокуриха","Горняк","Яровое","Змеиногорск","Новоалтайск"]},{"name":"Брянская область","main_city":"Брянск","cities":["Жуковка","Карачев","Клинцы","Мглин","Унеча","Фокино","Сураж","Стародуб","Сельцо","Севск","Почеп","Злынка","Трубчевск","Новозыбков","Дятьково"]},{"name":"Белгородская область","main_city":"Белгород","cities":["Валуйки","Старый Оскол","Бирюч","Строитель","Новый Оскол","Губкин","Грайворон","Короча","Алексеевка","Шебекино"]},{"name":"Новосибирская область","main_city":"Новосибирск","cities":["Обь","Маслянино","Чистоозерное","Чик","Татарск","Барышево","Карасук","Колывань","Краснообск","Каргат","Мошково","Мочище","Убинское","Верх-Ирмень","Венгерово","Раздольное","Евсино","Барабинск","Баган","Ордынское","Кольцово","Сокур","Черепаново","Чулым","Сузун","Северное","Горный","Прокудское","Линево","Здвинск","Верх-Тула","Октябрьский","Чернореченский","Ярково","Толмачево","Коченево","Лебедевка","Довольное","Тогучин","Новолуговое","Криводановка","Кыштовка","Краснозерское","Болотное","Купино","Куйбышев","Искитим","Бердск"]},{"name":"Амурская область","main_city":"Благовещенск","cities":["Завитинск","Белогорск","Райчихинск","Сковородино","Свободный","Прогресс","Зея","Тында","Шимановск"]},{"name":"Пермский край","main_city":"Пермь","cities":["Чернушка","Чайковский","Верещагино","Чусовой","Краснокамск","Углеуральский","Усолье","Гамово","Кунгур","Сылва","Соликамск","Оса","Полазна","Звездный","Горнозаводск","Гремячинск","Губаха","Чердынь","Нытва","Чермоз","Лысьва","Кудымкар","Красновишерск","Кизел","Александровск","Култаево","Кукуштан","Добрянка","Очер","Оханск","Яйва","Березники"]},{"name":"Республика Башкортостан","main_city":"Уфа","cities":["Давлеканово","Салават","Маячинский","Ташкиновский","Кумертау","Кармаскалы","Мелеуз","Межгорье","Благовещенск","Учалы","Ермолаево","Баймак","Стерлитамак","Октябрьский","Субханкулово","Сибай","Подгорный","Нефтекамск","Туймазы","Туялясский","Николо-Березовка","Белорецк","Иглино","Языково","Кушнаренково","Авдон","Чишмы","Дюртюли","Янаул","Ишимбай","Бирск","Белебей","Амзинский","Агидель"]},{"name":"Ульяновская область","main_city":"Ульяновск","cities":["Барыш","Сенгилей","Новоульяновск","Димитровград","Инза"]},{"name":"Ямало-Ненецкий автономный округ","main_city":"Салехард","cities":["Губкинский","Тарко-Сале","Лабытнанги","Надым","Муравленко","Ноябрьск","Новый Уренгой"]},{"name":"Республика Бурятия","main_city":"Улан-Удэ","cities":["Закаменск","Бабушкин","Северобайкальск","Кяхта","Гусиноозерск"]},{"name":"Республика Коми","main_city":"Воркута","cities":["Ухта","Вуктыл","Сосногорск","Микунь","Емва","Сыктывкар","Инта","Печора","Усинск"]},{"name":"Липецкая область","main_city":"Липецк","cities":["Данков","Лебедянь","Елец","Задонск","Чаплыгин","Усмань","Грязи"]},{"name":"Курская область","main_city":"Курск","cities":["Фатеж","Курчатов","Усланский","Суджа","Дмитриев-Льговский","Льгов","Рыльск","Дмитриев","Щигры","Железногорск"]},{"name":"Московская область","main_city":"Красногорск","cities":["Жуковский","Люберцы","Домодедово","Химки","Раменское","Наро-Фоминск","Балашиха","Ватутинки","Зарайск","Павловский Посад","Малаховка","Серпухов","Солнечногорск","Сергиев Посад","Нахабино","Павловская Слобода","Запрудня","Давыдово","Заречье","Загорянский","Талдом","Кашира","Старый Городок","Развилка","Коломна","Климовск","Калининец","Мытищи","Видное","ВНИИССОК","Высоковск","Большие Вязёмы","Можайск","Московский","Монино","Лосино-Петровский","Менделеево","Фряново","Михнево","Верея","Электросталь","Егорьевск","Электроугли","Электрогорск","Удельная","Истра","Ступино","Столбовая","Фрязино","Реутов","Орехово-Зуево","Королев","Клин","Сходня","Старая Купавна","Софрино","Солнечногорск-7","Солнечногорск-30","Солнечногорск-2","Солнечногорск-25","Долгопрудный","Воскресенск","Стромынь","Свердловский","Звенигород","Селятино","Щелково","Скоропусковский","Лобня","Голицыно","Пушкино","Пущино","Протвино","Подольск","Правдинский","Пироговский","Поварово","Одинцово","Одинцово-10","Троицк","Глебовский","Знамя Октября","Черноголовка","Щербинка","Пересвет","Зеленоград","Звездный городок","Некрасовский","Новый Городок","Тучково","Куровское","Томилино","Ногинск","Новоивановское","Львовский","Лыткарино","Луховицы","ЛМС","Ликино-Дулево","Лесной Городок","Лесной","Реммаш","Кратово","Красково","Красноармейск","Краснознаменск","Краснозаводск","Котельники","Кокошкино","Волоколамск","Коммунарка","Кубинка","Хорлово","Хотьково","Рошаль","Родники","Руза","Дрезна","Дубна","Дмитров","Дзержинский","Дедовск","Демихово","Деденево","Власиха","Вербилки","Яхрома","Озеры","Юбилейный","Обухово","Октябрьский","Ильинский","Островцы","Ильинское","Быково","Большевик","Богородское","Белоозёрский","Ивантеевка","Горки-10","Бронницы","Ашукино","Апрелевка","Алачково","Андреевка","Шатура","Чехов","Чехов-3","Чехов-4","Чехов-5","Чехов-1","Чехов-8","Чехов-6","Чехов-2","Чехов-7","Ожерелье","Железнодорожный"]},{"name":"Калужская область","main_city":"Калуга","cities":["Жиздра","Обнинск","Балабаново","Таруса","Малоярославец","Мещовск","Мосальск","Сосенский","Медынь","Киров","Ермолино","Боровск","Спас-Деменск","Сухиничи","Кременки","Кондрово","Козельск","Людиново","Юхнов","Белоусово","Жуков"]},{"name":"Красноярский край","main_city":"Красноярск","cities":["Канск","Заозерный","Назарово","Шарыпово","Минусинск","Сосновоборск","Мессояхский","Уяр","Емельяново","Енисейск","Усть","Бородино","Солнечный","Потаповский","Зыково","Зеленогорск","Норильск","Лесосибирск","Левинский","Кодинск","Дудинка","Дивногорск","Дубинино","Волочанский","Иланский","Игарка","Боготол","Ужур","Богучаны","Ачинск","Артемовск","Хантайский","Железногорск"]},{"name":"Ставропольский край","main_city":"Ставрополь","cities":["Пятигорск","Минеральные Воды","Михайловск","Буденновск","Ессентуки","Кисловодск","Светлоград","Благодарный","Невинномысск","Георгиевск","Зеленокумск","Нефтекумск","Новоалександровск","Новопавловск","Лермонтов","Ипатово","Изобильный","Железноводск"]},{"name":"Тамбовская область","main_city":"Тамбов","cities":["Рассказово","Моршанск","Мичуринск","Кирсанов","Уварово","Котовск","Жердевка"]},{"name":"Республика Удмуртия","main_city":"Ижевск","cities":["Сарапул","Камбарка","Воткинск","Можга","Глазов"]},{"name":"Ивановская область","main_city":"Иваново","cities":["Фурманов","Гаврилов Посад","Наволоки","Заволжск","Вичуга","Родники","Приволжск","Кинешма","Шуя","Тейково","Пучеж","Плес","Кохма","Комсомольск","Юрьевец","Южа"]},{"name":"Омская область","main_city":"Омск","cities":["Тара","Марьяновка","Калачинск","Называевск","Таврическое","Тюкалинск","Лузино","Ростовка","Красный Яр","Кормиловка","Исилькуль","Азово"]},{"name":"Оренбургская область","main_city":"Оренбург","cities":["Орск","Гай","Медногорск","Бузулук","Бугуруслан","Сорочинск","Соль-Илецк","Новотроицк","Кувандык","Абдулино","Ясный"]},{"name":"Орловская область","main_city":"Орел","cities":["Ливны","Малоархангельск","Мценск","Болхов","Новосиль","Дмитровск"]},{"name":"Челябинская область","main_city":"Челябинск","cities":["Златоуст","Верхний Уфалей","Магнитогорск","Чебаркуль","Магнитка","Верхнеуральск","Сатка","Зауральский","Карталы","Аргаяш","Трехгорный","Усть-Катав","Катав-Ивановск","Касли","Карабаш","Миасс","Миасское","Долгодеревенское","Еткуль","Полетаево","Миньяр","Еманжелинск","Увельский","Бакал","Копейск","Коркино","Кыштым","Снежинск","Сим","Пласт","Рощино","Троицк","Новогорный","Нязепетровск","Трехгорный-1","Локомотивный","Красногорский","Куса","Роза","Южноуральск","Юрюзань","Аша","Агаповка","Озерск"]},{"name":"Владимирская область","main_city":"Владимир","cities":["Радужный","Лакинск","Муром","Карабаново","Камешково","Александров","Киржач","Вязники","Меленки","Мелехово","Струнино","Балакирево","Ковров","Гусь-Хрустальный","Судогда","Суздаль","Ставрово","Собинка","Покров","Юрьев-Польский","Петушки","Курлово","Никологоры","Красная Горбатка","Костерево","Кольчугино","Гороховец","Вольгинский","Городищи"]},{"name":"Волгоградская область","main_city":"Волгоград","cities":["Волжский","Камышин","Палласовка","Калач-на-Дону","Михайловка","Урюпинск","Ерзовка","Петров Вал","Фролово","Средняя Ахтуба","Светлый Яр","Суровикино","Серафимович","Новый Рогачик","Новоаннинский","Николаевск","Ленинск","Краснослободск","Краснооктябрьский","Котельниково","Котово","Дубовка","Жирновск"]},{"name":"Воронежская область","main_city":"Воронеж","cities":["Павловск","Масловка","Новая Усмань","Калач","Заброды","Латная","Россошь","Митрофановка","Рамонь","Эртиль","Борисоглебск","Сомово","Семилуки","Поворино","Подгорное","Подгоренский","Придонской","Новохоперск","Нововоронеж","Лиски","Колодезный","Хохольский","Воля","Острогожск","Бутурлиновка","Бобров","Богучар","Шилово"]},{"name":"Вологодская область","main_city":"Вологда","cities":["Череповец","Кадников","Вытегра","Кириллов","Великий Устюг","Устюжна","Сокол","Никольск","Тотьма","Красавино","Харовск","Бабаево","Грязовец","Белозерск"]},{"name":"Приморский край","main_city":"Владивосток","cities":["Фокино","Дальнегорск","Спасск-Дальний","Дальнереченск","Партизанск","Находка","Вольно-Надеждинское","Арсеньев","Артем","Большой Камень","Уссурийск","Спасское","Новый","Трудовое","Лесозаводск","Дунай","Владимиро-Александровское","Воздвиженка"]},{"name":"Новгородская область","main_city":"Великий Новгород","cities":["Валдай","Малая Вишера","Чудово","Холм","Старая Русса","Боровичи","Сольцы 2","Сольцы","Пестово","Окуловка"]},{"name":"Псковская область","main_city":"Псков","cities":["Гдов","Остров","Пустошка","Себеж","Невель","Пыталово","Порхов","Печоры","Новоржев","Новосокольники","Дно","Опочка","Великие Луки"]},{"name":"Республика Северная Осетия - Алания","main_city":"Владикавказ","cities":["Алагир","Ардон","Моздок","Беслан","Дигора"]},{"name":"Ростовская область","main_city":"Ростов-на-Дону","cities":["Батайск","Таганрог","Казачьи Лагери","Матвеев Курган","Маньково-Калитвенское","Мальчевская","Аксай","Миллерово","Морозовск","Самарское","Сальск","Большие Салы","Тацинская","Каменск-Шахтинский","Белая Калитва","Азов","Кагальницкая","Каменоломни","Кагальник","Волгодонск","Мечетинская","Мишкинская","Вешенская","Рассвет","Елкин","Углеродовский","Вареновка","Багаевская","Шахты","Цимлянск","Красный Сулин","Старая Станица","Синявское","Семикаракорск","Большой Лог","Гигант","Потапов","Гуково","Пролетарск","Приморка","Пешково","Персиановский","Зверево","Новобатайск","Новобессергеневка","Зерноград","Чертково","Новошахтинск","Новочеркасск","Ленина","Красноярская","Красновка","Кировская","Константиновск","Кривянская","Коксовый","Шолоховский","Кулешовка","Романовская","Целина","Донецк","Ольгинская","Быстрогорский","Горняцкий","Грушевская","Чалтырь"]},{"name":"Нижегородская область","main_city":"Нижний Новгород","cities":["Дзержинск","Заволжье","Павлово","Саров","Ворсма","Выкса","Арзамас","Чкаловск","Сергач","Навашино","Гидроторф","Мулино","Ветлуга","Урень","Кстово","Балахна","Сосновское","Семенов","Городец","Первомайск","Перевоз","Ждановский","Тумботино","Ильиногорск","Арья","Большое Козино","Дивеево","Досчатое","Решетиха","Выездное","Новосмолинский","Лысково","Княгинино","Лукоянов","Кулебаки","Володарск","Бор","Богородск","Горбатов","Шахунья"]},{"name":"Тюменская область","main_city":"Тюмень","cities":["Тобольск","Заводоуковск","Нижняя Тавда","Каскара","Винзили","Боровский","Богандинский","Антипино","Ялуторовск","Исетское","Ишим"]},{"name":"Томская область","main_city":"Томск","cities":["Стрежевой","Колпашево","Северск","Кедровый","Асино"]},{"name":"Тверская область","main_city":"Тверь","cities":["Калязин","Старица","Западная Двина","Кашин","Торжок","Кимры","Ржев","Вышний Волочек","Весьегонск","Красный Холм","Удомля","Осташков","Белый","Нелидово","Торопец","Лихославль","Конаково","Кувшиново","Бологое","Бежецк","Андреаполь","Зубцов"]},{"name":"Тульская область","main_city":"Тула","cities":["Ефремов","Плавск","Алексин","Венев","Узловая","Сокольники","Советск","Суворов","Новомосковск","Липки","Кимовск","Киреевск","Болохово","Донской","Ясногорск","Богородицк","Белев","Щекино","Чекалин"]},{"name":"Самарская область","main_city":"Самара","cities":["Чапаевск","Похвистнево","Смышляевка","Новосемейкино","Петра Дубрава","Утевка","Усть-Кинельский","Кинель","Сызрань","Стройкерамика","Октябрьск","Суходол","Сергиевск","Нефтегорск","Новокуйбышевск","Кинель-Черкассы","Кротовка","Рощинский","Курумоч","Рождествено","Отрадный","Жигулевск","Тольятти"]},{"name":"Хабаровский край","main_city":"Хабаровск","cities":["Советская Гавань","Комсомольск-на-Амуре","Николаевск-на-Амуре","Вяземский","Бикин","Амурск"]},{"name":"Рязанская область","main_city":"Рязань","cities":["Сасово","Касимов","Михайлов","Спасск-Рязанский","Спас-Клепики","Скопин","Новомичуринск","Рыбное","Ряжск","Кораблино","Шацк"]},{"name":"Ярославская область","main_city":"Ярославль","cities":["Гаврилов-Ям","Данилов","Переславль-Залесский","Мышкин","Ростов","Углич","Пошехонье","Тутаев","Любим","Рыбинск"]},{"name":"Смоленская область","main_city":"Смоленск","cities":["Гагарин","Сафоново","Вязьма","Велиж","Рудня","Ельня","Сычевка","Починок","Десногорск","Демидов","Дорогобуж","Ярцево","Духовщина","Рославль"]},{"name":"Курганская область","main_city":"Курган","cities":["Далматово","Макушино","Катайск","Шадринск","Петухово","Куртамыш","Шумиха","Щучье"]},{"name":"Калининградская область","main_city":"Калининград","cities":["Балтийск","Мамоново","Правдинск","Ладушкин","Озерск","Советск","Гурьевск","Багратионовск","Светлогорск","Светлый","Славск","Черняховск","Неман","Гвардейск","Пионерский","Полесск","Гусев","Зеленоградск","Нестеров","Краснознаменск"]},{"name":"Краснодарский край","main_city":"Краснодар","cities":["Новороссийск","Сочи","Варениковская","Лабинск","Усть-Лабинск","Славянск-на-Кубани","Марьянская","Армавир","Саратовская","Натухаевская","Ладожская","Каневская","Горячий Ключ","Казанская","Кабардинка","Калининская","Крымск","Кавказская","Мысхако","Мостовской","Медведовская","Белая Глина","Кирпильская","Михайловская","Раевская","Ейск","Елизаветинская","Успенское","Васюринская","Фастовецкая","Гайдук","Спокойная","Староминская","Старовеличковская","Старая Станица","Старонижестеблиевская","Стародеревянковская","Старомышастовская","Старощербиновская","Старокорсунская","Советская","Темрюк","Супсех","Смоленская","Северская","Геленджик","Гирей","Пшехская","Платнировская","Пластуновская","Попутная","Полтавская","Приморско-Ахтарск","Кропоткин","Знаменский","Петропавловская","Переясловская","Бесскорбная","Туапсе","Курчанская","Курганинск","Новомихайловский","Новотитаровская","Трудобеликовский","Троицкая","Белореченск","Тихорецк","Тимашевск","Терновская","Темиргоевская","Новомышастовская","Новолеушковская","Новокубанск","Новоукраинское","Новорождественская","Новопокровская","Новощербиновская","Новоминская","Новодеревянковская","Новодмитриевская","Нововеличковская","Нижнебаканская","Ленина","Кореновск","Красносельский","Киевское","Крыловская","Коноково","Хадыженск","Холмская","Родниковская","Цибанобалка","Тбилисская","Дивноморское","Динская","Двубратский","Джубга","Владимирская","Верхнебаканский","Великовечное","Воронежская","Витязево","Отрадная","Октябрьская","Ильский","Орел-Изумруд","Ивановская","Гулькевичи","Гостагаевская","Голубицкая","Березовый","Брюховецкая","Афипский","Апшеронск","Анапа","Анастасиевская","Анапская","Архангельская","Ахтырский","Абинск","Черноморский","Широчанка","Ярославская"]},{"name":"Костромская область","main_city":"Кострома","cities":["Галич","Мантурово","Макарьев","Шарья","Солигалич","Чухлома","Нерехта","Нея","Кологрив","Волгореченск","Буй"]},{"name":"Ханты-Мансийский автономный округ - Югра","main_city":"Ханты-Мансийск","cities":["Сургут","Радужный","Лангепас","Мегион","Урай","Когалым","Советский","Пыть-Ях","Покачи","Нефтеюганск","Нягань","Белоярский","Югорск","Лянтор","Нижневартовск"]},{"name":"Санкт-Петербург","main_city":"Санкт-Петербург","cities":["Павловск","Красное Село","Колпино","Сестрорецк","Ломоносов","Пушкин","Кронштадт","Петергоф"]},{"name":"Пензенская область","main_city":"Пенза","cities":["Заречный","Сурск","Сердобск","Каменка","Кузнецк","Спасск","Нижний Ломов","Городище","Никольск","Белинский"]},{"name":"Республика Карелия","main_city":"Петрозаводск","cities":["Лахденпохья","Кемь","Медвежьегорск","Сортавала","Костомукша","Сегежа","Суоярви","Пудож","Питкяранта","Кондопога","Олонец","Беломорск"]},{"name":"Республика Чувашская","main_city":"Чебоксары","cities":["Канаш","Алатырь","Мариинский Посад","Шумерля","Цивильск","Новочебоксарск","Козловка","Ядрин"]},{"name":"Саратовская область","main_city":"Саратов","cities":["Балаково","Энгельс","Маркс","Балашов","Татищево","Калининск","Ершов","Ртищево","Соколовый","Аткарск","Пугачев","Петровск","Новоузенск","Красноармейск","Красный Кут","Хвалынск","Вольск","Аркадак","Шиханы"]},{"name":"АР Крым","main_city":"Симферополь","cities":["Форос","Малый маяк","Массандра","Марфовка","Мазанка","Малореченское","Алушта","Саки","Садовое","Санаторное","Парковое","Партенит","Заозерное","Голубой Залив","Тамбовка","Кацивели","Кача","Старый Крым","Калиновка","Скалистое","Карьерное","Керчь","Каменоломня","Мраморное","Молодежное","Восход","Межводное","Мирное","Раздольное","Родниковое","Далекое","Евпатория","Укромное","Фонтаны","Гаспра","Бахчисарай","Багерово","Орджоникидзе","Судак","Советский","Советское","Соляное","Чистенькое","Чистополье","Чайкино","Чкалово","Севастополь","Скворцово","Симеиз","Новый Свет","Сенокосное","Гвардейское","Геройское","Пионерское","Почтовое","Понизовка","Пожарское","Полтавка","Приозерное","Приморский","Приветное","Прибрежное","Первомайское","Петровка","Песчаное","Перевальное","Перово","Курпаты","Гурзуф","Топольное","Тиловое","Ялта","Новоселовское","Никита","Новоозерное","Новосельское","Нижнегорский","Николаевка","Ленино","Отрадное","Белогорск","Ливадия","Кримское","Красноперекопск","Краснокаменка","Красногвардейское","Кировское","Комсомольское","Коктебель","Кольчугино","Кореиз","Куйбышево","Роздольное","Джанкой","Донское","Доброе","Днепровка","Верхнесадовое","Войково","Витино","Виноградное","Вилино","Инкерман","Олива","Октябрьское","Ореанда","Орехово","Останино","Ближнее","Журавки","Бондаренково","Щебетовка","Желябовка","Алупка","Грэсовский","Белоглинка","Аэрофлотский","Азовское","Армянск","Аграрное","Щелкино","Черноморское","Ясное","Янтарное","Зуя","Феодосия"]},{"name":"Ленинградская область","main_city":"Гатчина","cities":["Сясьстрой","Хиттолово массив","Юкки массив","Сарженка массив","Новая Ладога","Коммунар","Каменногорск","Кириши","Всеволожск","Выборг","Высоцк","Сосновый Бор","Тосно","Приморск","Приозерск","Шлиссельбург","Волхов","Сертолово","Сланцы","Светогорск","Лодейное Поле","Подпорожье","Пикалево","Никольское","Тихвин","Кингисепп","Луга","Кировск","Волосово","Любань","Отрадное","Ям-Ижора","Ивангород","Бокситогорск"]},{"name":"Республика Калмыкия","main_city":"Элиста","cities":["Лагань","Городовиковск"]},{"name":"Москва","main_city":"Москва","cities":[]},{"name":"Мурманская область","main_city":"Мурманск","cities":["Заполярный","Заозерск","Кандалакша","Мончегорск","Кировск","Гаджиево","Снежногорск","Кола","Североморск","Полярные Зори","Полярный","Оленегорск-1","Оленегорск","Оленегорск-2","Ковдор","Островной","Апатиты"]},{"name":"Камчатский край","main_city":"Петропавловск-Камчатский","cities":["Вилючинск","Елизово"]},{"name":"Забайкальский край","main_city":"Чита","cities":["Могоча","Хилок","Балей","Шилка","Борзя","Чита-47","Сретенск","Нерчинск","Краснокаменск","Петровск-Забайкальский"]},{"name":"Республика Карачаево-Черкесская","main_city":"Черкесск","cities":["Карачаевск","Усть-Джегута","Теберда"]},{"name":"Кировская область","main_city":"Киров","cities":["Малмыж","Вятские Поляны","Сосновка","Мураши","Кирс","Белая Холуница","Уржум","Орлов","Советск","Слободской","Нолинск","Луза","Котельнич","Омутнинск","Яранск","Зуевка","Кирово-Чепецк"]},{"name":"Ненецкий автономный округ","main_city":"Нарьян-Мар","cities":[]},{"name":"Республика Кабардино-Балкарская","main_city":"Нальчик","cities":["Майский","Нарткала","Тырныауз","Баксан","Прохладный","Терек","Чегем"]},{"name":"Республика Ингушетия","main_city":"Назрань","cities":["Магас","Малгобек","Карабулак"]},{"name":"Республика Мордовия","main_city":"Саранск","cities":["Ардатов","Темников","Ковылкино","Краснослободск","Рузаевка","Инсар"]},{"name":"Сахалинская область","main_city":"Южно-Сахалинск","cities":["Макаров","Александровск-Сахалинский","Холмск","Углегорск","Невельск","Северо-Курильск","Поронайск","Томари","Корсаков","Курильск","Долинск","Анива","Шахтерск","Оха"]},{"name":"Магаданская область","main_city":"Магадан","cities":["Сусуман"]},{"name":"Республика Дагестан","main_city":"Махачкала","cities":["Каспийск","Кизляр","Дагестанские Огни","Буйнакск","Южно-Сухокумск","Дербент","Кизилюрт","Хасавюрт","Избербаш"]},{"name":"Республика Адыгея","main_city":"Майкоп","cities":["Адыгейск"]},{"name":"Республика Тыва","main_city":"Кызыл","cities":["Туран","Ак-Довурак","Шагонар","Чадан"]},{"name":"Еврейская автономная область","main_city":"Биробиджан","cities":["Облучье"]},{"name":"Байконур город","main_city":"Байконур","cities":[]},{"name":"Республика Чечня","main_city":"Грозный","cities":["Гудермес","Аргун","Шали"]}]